date,open,close,high,low,p_n_l
2024-11-19,90130.65,91910.03,93891.1,89967.0,1.97430217
2024-11-18,89317.88,90130.58,92137.0,89317.76,-0.0215086
2024-11-17,90220.89,90149.97,91325.6,88909.7,-0.07814191
2024-11-16,90771.7,90220.47,91627.88,88704.61,-0.6400216200000001
2024-11-15,86910.58,90801.62,91898.59,86910.58,4.47706137
2024-11-14,90877.28,86910.58,91587.13,86012.81,-4.3648973600000005
2024-11-13,87727.7,90877.28,93499.99,85978.01,3.726907
2024-11-12,88652.01,87612.06,89971.79,82355.74,-1.00332203
2024-11-11,80101.29,88500.0,89272.8,80101.28,10.48511204
2024-11-10,76730.0,80101.29,81000.04,76425.93,4.393705199999999
2024-11-09,76196.44,76730.0,76806.28,75800.0,0.7004144999999999
2024-11-08,75600.05,76196.31,77165.98,74253.03,0.44346222
2024-11-07,75108.41,75859.9,76600.0,74400.0,0.99774346
2024-11-06,69200.0,75110.49,75999.99,69200.0,8.54117052
2024-11-05,67749.89,69200.0,70440.0,67560.4,2.35081481
2024-11-04,68469.5,67610.6,69349.51,66914.8,-1.25436947
2024-11-03,69143.56,68469.46,69199.0,67500.0,-1.00702686
2024-11-02,69400.62,69165.98,69811.17,69129.0,-0.1666823999999999
2024-11-01,70588.0,69281.46,71434.1,68857.99,-1.85167477
2024-10-31,72299.98,70588.53,72500.0,69743.11,-2.36715142
2024-10-30,72700.0,72299.98,73000.0,71513.37,-0.60328188
2024-10-29,70130.74,72738.8,73592.15,69730.6,3.71882466
2024-10-28,68000.0,70130.76,70206.0,67600.31,2.98202643
2024-10-27,67249.99,68100.0,68216.0,66747.54,1.72997727
2024-10-26,66793.93,66941.92,67431.07,66463.0,0.73378257
2024-10-25,68253.96,66454.29,68725.0,65747.99,-2.41660793
2024-10-24,66712.01,68100.0,68590.0,66712.01,2.0805699
2024-10-23,67400.0,66712.01,67487.67,65432.01,-1.02075668
2024-10-22,67428.0,67400.0,67810.0,66600.0,-0.04152578
2024-10-21,68999.98,67428.0,69492.5,66900.0,-2.2782325400000003
2024-10-20,68345.99,68999.98,69220.0,68000.01,0.9568813
2024-10-19,68365.0,68345.99,68729.6,67920.0,-0.02780663
2024-10-18,67485.56,68365.0,68966.0,67108.38,1.30313784
2024-10-17,67540.0,67485.57,67907.46,66735.59,-0.06139764
2024-10-16,66820.32,67527.03,68234.97,66665.95,0.78811624
2024-10-15,65950.01,66999.0,67777.5,64999.99,1.20690278
2024-10-14,62700.03,66200.03,66403.82,62700.02,5.30798116
2024-10-13,63108.18,62863.26,63276.79,62000.0,-0.65352557
2024-10-12,62364.7,63276.79,63450.0,62326.35,1.53329797
2024-10-11,60364.63,62321.22,63250.0,60000.3,3.60657536
2024-10-10,60701.24,60151.8,61365.92,59001.0,-0.90515449
2024-10-09,62000.04,60701.24,62571.0,60500.0,-2.56622793
2024-10-08,62150.73,62300.0,62940.0,61801.54,0.1607556
2024-10-07,62700.96,62200.01,64200.0,62200.01,-0.40030424
2024-10-06,62000.0,62450.0,62949.99,61801.2,0.72580645
2024-10-05,62072.18,62000.0,62364.15,61778.62,-0.11628398
2024-10-04,60600.01,62072.18,62238.0,60501.0,1.85221102
2024-10-03,60650.0,60943.38,61241.17,60000.0,0.6496613299999999
2024-10-02,60847.33,60550.01,62238.0,60100.0,-0.48863278
2024-10-01,63000.26,60847.33,64100.0,60325.0,-3.72257911
2024-09-30,65635.93,63200.0,65635.93,63089.97,-3.71127521
2024-09-29,66033.81,65635.93,66033.81,65350.38,-0.6035031700000001
2024-09-28,65700.0,66034.45,66257.63,64620.0,0.18767803
2024-09-27,64998.25,65910.75,66382.5,64700.0,1.40388395
2024-09-26,63002.37,64998.25,65550.9,62874.12,3.16861571
2024-09-25,64127.19,63001.96,64556.0,63001.96,-1.81239332
2024-09-24,63201.27,64164.88,64556.0,62862.07,1.43309189
2024-09-23,63406.78,63258.33,64556.0,62862.07,-0.3029445799999999
2024-09-22,63288.62,63450.55,63900.0,62489.05,0.25364189
2024-09-21,63150.68,63290.02,63290.02,62660.88,0.22064687
2024-09-20,62831.05,63150.68,63999.99,62540.0,0.51012117
2024-09-19,61800.0,62830.17,63712.0,61584.77,1.6910975
2024-09-18,60089.34,61785.32,61785.32,59342.4,2.4286497
2024-09-17,58119.07,60320.35,61234.56,57646.06,3.39343442
2024-09-16,59012.39,58340.6,59030.69,57600.0,-1.12243693
2024-09-15,59950.0,59002.87,60320.49,58856.81,-1.57986656
2024-09-14,60600.0,59950.0,60600.0,59567.8,-0.76639134
2024-09-13,58227.63,60413.0,60413.0,57554.88,4.14064788
2024-09-12,57473.06,58010.97,58449.67,57473.06,0.85892956
2024-09-11,57635.81,57516.94,57865.99,55529.08,-0.42025856
2024-09-10,57005.0,57759.68,57900.0,56399.17,1.11004601
2024-09-09,54999.89,57125.56,57862.7,54520.12,3.86465455
2024-09-08,53999.99,55000.0,55212.79,53689.09,1.60945685
2024-09-07,53901.16,54128.82,54759.99,53689.09,0.52550001
2024-09-06,56113.45,53845.86,56896.61,52666.05,-4.04109816
2024-09-05,58034.53,56113.46,58209.88,55804.69,-3.39705991
2024-09-04,57571.18,58086.7,58465.57,56021.5,0.93256283
2024-09-03,58981.09,57550.01,59590.0,57550.01,-2.62644601
2024-09-02,57366.85,59102.3,59301.0,57226.46,3.18697416
2024-09-01,58946.22,57276.9,59000.0,57276.86,-2.83193732
2024-08-31,59139.98,58946.22,59432.32,58831.55,-0.32764632
2024-08-30,59269.28,59139.99,60040.84,57993.13,-0.67181738
2024-08-29,59289.84,59539.99,61053.21,58913.79,1.05961551
2024-08-28,59406.63,58915.71,60249.88,58099.71,-1.03545749
2024-08-27,62770.0,59532.14,63299.98,58622.95,-5.773146039999999
2024-08-26,64279.0,63179.59,64279.0,62988.82,-1.71037197
2024-08-25,64081.0,64279.0,64886.0,63810.0,0.30898394
2024-08-24,64189.87,64081.0,64459.85,63620.31,0.1974992
2024-08-23,60340.05,63954.69,64679.99,60340.05,5.99044913
2024-08-22,61090.25,60340.05,61306.16,59842.73,-1.2280192
2024-08-21,59069.01,61090.25,61731.0,58882.0,2.88428487
2024-08-20,60034.0,59377.63,61222.5,58881.92,0.12216471
2024-08-19,58626.319,59305.18,59305.18,56868.55,1.49960617
2024-08-18,59675.91299999,58428.97548,60198.999,58428.97548,-1.15854453
2024-08-17,59156.283,59113.83559003,59698.3365,58831.56493787,-0.07175469
2024-08-16,57165.772,59156.283,59505.301,56873.56076623,3.04128317
2024-08-15,58837.52840236,57410.274,59505.301,56000.003,-2.4257552
2024-08-14,60247.30418,58837.52840236,61764.051,58530.12166006,-3.40070497
2024-08-13,59870.0,60908.859,61731.207,58522.126,2.8612895700000003
2024-08-12,58775.90593604,59214.559,60691.58351173,58000.0,0.7463144199999999
2024-08-11,60562.958,58775.90593604,61760.506,58068.24168415,-2.80398623
2024-08-10,60654.39724797,60471.519,61351.5806514,60038.17278488,0.50540133
2024-08-09,61471.39188197,60167.432,61764.0658,59367.70363761,-2.1212467200000003
2024-08-08,55232.439,61471.39188197,63689.06886156,54539.867,11.6381102
2024-08-07,56000.0,55063.08891372,57814.1538,54506.75609745,-1.83447819
2024-08-06,54432.2172532,56092.086,58999.9947986,54432.2172532,3.0494177899999997
2024-08-05,57943.021,54432.22019422,57943.021,47000.0002,-5.74507326
2024-08-04,60451.63945574,57750.0,61030.893,57429.05748294,-4.7393110400000005
2024-08-03,62084.46879,60623.11813038,64468.06899999,59502.41154708,-0.62272654
2024-08-02,64232.9532,61003.0,65599.531,61000.187,-5.02359378
2024-08-01,64500.001,64229.63600006,66765.14234593,62460.758,-1.63733613
2024-07-31,65800.00000078,65298.79679,66879.451,64500.0,-0.57352503
2024-07-30,66811.0,65675.462,67463.30295,65409.0,-2.59185652
2024-07-29,68210.23681478,67422.96860999,69773.995,66752.276,-0.95771119
2024-07-28,68791.797,68074.92983,68791.797,66451.73,-1.19610553
2024-07-27,67510.39358092,68899.035,69312.15498309,65977.06502374,1.43398601
2024-07-26,66082.224,67925.0,67965.0,65411.312,2.78860919
2024-07-25,65251.0,66082.225,66287.47550504,62000.00640024,1.27388852
2024-07-24,65544.43812327,65251.0,66981.67190211,65238.393,-0.34190887
2024-07-23,67418.03971979,65474.86437098,67500.0,65353.0,-2.88227803
2024-07-22,67810.55462649,67418.03971979,68300.0,66219.07419999,-0.52296986
2024-07-21,67000.026,67772.46930678,68361.89999994,66141.0,1.15290001
2024-07-20,66410.0,67000.026,68997.93002057,65238.39238031,0.88845957
2024-07-19,63518.8512,66410.0,67303.589,63000.3922,3.15005379
2024-07-18,64200.0,64381.93443432,65442.35,63000.0,0.68447975
2024-07-17,64737.38259669,63944.249,66410.21872085,63799.1308515,-1.22515549
2024-07-16,64692.74112209,64737.38259669,65497.37903922,62000.06200002,0.06900538
2024-07-15,60600.72606775,64692.74112209,64714.563,60600.0,6.75241919
2024-07-14,59826.0,60600.72606775,61317.37366272,59400.0,1.73579172
2024-07-13,58137.30669625,59566.77098951,59799.0,57463.94374996,3.54118782
2024-07-12,57157.81923995,57529.54185927,58164.378,56500.0,0.65034254
2024-07-11,57384.43089026,57157.82023995,58996.0,56690.12658763,-0.3948991899999999
2024-07-10,57850.0,57384.43089026,59303.94231252,57086.25766615,-0.80478671
2024-07-09,56376.60759284,57850.0,58347.38567921,56148.00632102,2.61348549
2024-07-08,55977.029,56376.60559284,58524.9521584,53000.2136004,1.03006984
2024-07-07,58381.58588522,55801.808,58431.88420235,55488.04938488,-3.8800187
2024-07-06,56802.02627804,58054.32673394,58431.88420235,56016.8097023,1.9087119
2024-07-05,57363.39899988,56966.99099994,57731.65646313,53000.21360036,-0.95167018
2024-07-04,60528.43799988,57514.3378,60528.43799988,56300.22640042,-4.00694176
2024-07-03,61894.801,59915.10100006,62605.147,59500.00020001,-2.98974528
2024-07-02,62620.001,61761.616,63259.10999973,61611.436,-1.33927157
2024-07-01,62425.54719911,62600.0,64160.59406645,62248.6462,0.27945738
2024-06-30,60672.28764136,62425.54719911,62920.0,60392.00581094,2.97736535
2024-06-29,60786.15649976,60620.649,61492.42879999,60227.01562669,0.9601419
2024-06-28,61302.484,60044.14005038,62214.725,59900.0,-2.78360999
2024-06-27,61155.849,61763.39199994,62248.10199994,59652.37578503,0.99339272
2024-06-26,61618.492,61155.874,62248.22199999,60309.38710016,-1.51086979
2024-06-25,59981.05880085,62094.03399994,62365.72327967,58500.141,3.25479234
2024-06-24,63337.0,60136.709,63653.52275731,58003.21308761,-5.05279852
2024-06-23,63898.5219262,63337.0,64365.83352877,63337.0,-0.87877139
2024-06-22,63606.668,63898.5219262,64365.71799987,63606.668,0.18388082
2024-06-21,64560.5,63781.24045805,64898.995,62112.70498726,-1.20722568
2024-06-20,64602.2304,64560.63300006,66781.994,64540.58826878,-1.04594605
2024-06-19,64719.49220324,65243.03999999,65713.738,64473.00233798,0.37390769
2024-06-18,66100.001,65000.0,66118.92,61592.989,-2.39150725
2024-06-17,66600.0,66592.56604439,66973.56199742,65021.64347046,-0.0111621
2024-06-16,66062.49100004,66600.0,66973.63084546,65812.79700006,0.81363891
2024-06-15,65850.0,66062.4898767,66625.0,65621.96316154,0.32268774
2024-06-14,67116.46999999,65850.0,67531.00192908,65001.0,-1.8472643
2024-06-13,67806.58,67089.317,68449.798,66335.5910779,-1.10998906
2024-06-12,66929.95090512,67842.35977039,70000.0,66900.0,1.20391433
2024-06-11,69194.48407998,67035.31204511,69799.999,66367.86632698,-3.12043953
2024-06-10,69233.83501622,69194.48407998,70000.0,69013.0,-0.0568377199999999
2024-06-09,69697.37399999,69233.83501622,69698.333,68826.0,-0.66507666
2024-06-08,69124.62800292,69697.376,69736.363,68902.356,0.8285729900000001
2024-06-07,70846.57699994,69124.62800292,71789.0,68518.73500004,-2.43053238
2024-06-06,70747.817,70846.577,71788.99999996,70413.44662065,-0.5663096000000001
2024-06-05,70170.66201959,71250.073,71870.59089309,68751.21265422,0.92791543
2024-06-04,68777.6367675,70595.01099927,70727.99999901,67940.78419999,2.28047503
2024-06-03,67593.56530325,69021.00423474,69517.0,67314.96025282,1.5550979100000002
2024-06-02,67403.08121971,67964.096,68142.4908,67355.367,-0.2585490099999999
2024-06-01,67188.36709884,68140.272,68199.05027668,67138.6709615,0.6992094299999999
2024-05-31,67977.57000006,67667.13699999,68969.46820212,66800.00000076,-1.62156749
2024-05-30,67652.39,68782.49152,69515.02342208,67000.0,1.15072282
2024-05-29,68826.19089377,67999.99999996,69260.39803017,67228.68328291,-1.20040203
2024-05-28,69763.52,68826.19099502,69763.52,67265.2974,-0.17706173
2024-05-27,68138.19219999,68948.272,70349.45199994,67931.60913734,-0.00997605
2024-05-26,68850.91079621,68955.151,69416.11982456,66680.33431118,-0.49504311
2024-05-25,68148.09600013,69298.207,69382.87138698,68066.6342043,1.68770297
2024-05-24,67509.59567405,68148.07000032,69382.87138693,66787.87529938,0.2456063799999999
2024-05-23,68964.07045872,67981.10406819,69900.447,66854.42000005,-1.26625461
2024-05-22,70491.13201238,68852.95781812,70491.13201238,68852.95781808,-2.32393144
2024-05-21,68035.29500001,70491.12319238,71364.204,68035.29500001,-0.89085256
2024-05-20,66519.529,71124.73975851,71124.73975851,65951.59656464,6.92309586
2024-05-19,66616.916,66519.529,67584.35,66519.5289997,-0.96810172
2024-05-18,66652.703,67169.801,67716.62824856,66257.18718791,1.09838836
2024-05-17,65402.158,66440.03142635,67616.81535593,64837.397,1.5865543700000002
2024-05-16,66056.47500001,65402.38699994,66459.489,64347.98603497,-1.59073801
2024-05-15,61667.05878922,66459.58487529,66578.30643645,60739.15335296,7.771614509999999
2024-05-14,62700.001,61667.05878946,63350.686,61171.53800004,-1.64743572
2024-05-13,61262.80500001,62700.001,63484.71066799,60546.1202,1.95122114
2024-05-12,61358.02499988,61500.0,61673.50359322,60293.91529386,0.22157115
2024-05-11,61287.99999971,61364.035,61640.10329342,60554.08053165,0.12406181
2024-05-10,63016.83551774,61288.00000001,63673.99999982,60290.0,-3.06825936
2024-05-09,60996.048,63227.999,63227.999,60787.03,2.84093761
2024-05-08,62115.002,61481.35214523,64133.42987433,60655.61099203,-1.0201221
2024-05-07,63374.84079,62115.001,64147.54525206,62115.001,-2.14964999
2024-05-06,63805.1352,63479.59,65415.15099994,62913.0,-0.42950172
2024-05-05,63798.5968871,63753.412,64320.3518,62765.465,0.3378744899999999
2024-05-04,63185.16659,63538.73083738,64660.66122634,62002.892,1.75081878
2024-05-02,58305.864,58819.639,59499.99899999,56825.78073044,1.38661005
2024-05-01,60257.0110436,58015.19448095,60632.39999993,56456.44691201,-3.94987088
2024-04-30,63299.6292,60400.95418031,64375.905,59293.179,-4.71440561
2024-04-29,63126.30623153,63389.387,64054.11999994,62000.00000004,0.41675299
2024-04-28,63122.2675759,63126.30623153,64370.41906207,63120.2799112,0.0
2024-04-27,63367.224,63126.30623151,63850.41412,62200.00000004,-0.38019177
2024-04-26,64315.48000006,63367.22320084,64950.14780477,62982.33712563,-1.47438346
2024-04-25,63840.40000057,64315.48000006,65431.6617257,62003.91773375,0.49293593
2024-04-24,66292.95700004,64000.001,67269.02279,63547.45273472,-3.45882293
2024-04-23,67101.093562,66292.957,67448.86136333,65506.729,-1.26942785
2024-04-22,64999.938,67145.31836915,67402.62633804,64563.819,3.2694517700000003
2024-04-21,64513.567,65019.53599999,65790.2738816,64147.605,0.83438302
2024-04-20,62518.816,64481.5132,65286.59899999,62518.301,1.5113038
2024-04-19,63178.031,63521.51020007,65792.28679,58000.00040009,-0.53983851
2024-04-18,61499.99899995,63866.285,64045.30499996,59000.0002,3.84761957
2024-04-17,63271.253,61499.99899995,65037.97786817,59000.0598,-2.7597879400000003
2024-04-16,63717.92299958,63245.439,64036.512,60420.52224,-0.74152604
2024-04-15,65675.15979994,63717.92399999,66943.86794147,62697.921,-2.98017668
2024-04-14,64866.39871999,65675.15979994,66140.07459474,62362.668,2.64468614
2024-04-13,67023.89874266,63983.01,68065.83832411,61933.15604144,-4.36022422
2024-04-12,70199.99999928,66900.0,71495.03704195,65929.163,-4.90394033
2024-04-11,70162.83652765,70349.91799899,71580.70012554,68586.78734641,0.25487855
2024-04-10,69571.81656486,70171.0670003,71012.77494916,66519.53296871,0.86134079
2024-04-09,71521.40960065,69571.81656501,71953.06899988,68397.1966015,-2.84717742
2024-04-08,69422.75599999,71610.70024929,72825.30126951,68812.159,3.78029773
2024-04-07,68770.58277261,69002.21122772,69781.32799972,68770.58277261,0.33681328
2024-04-06,67368.9972,68770.58277261,69781.32639936,66432.65683256,1.26550377
2024-04-05,67996.00507714,67911.16442729,68469.98999974,63810.0002,-0.06659793
2024-04-04,66908.4935,67956.422,69650.77966,62330.00040016,1.56621147
2024-04-03,65627.91855506,66908.4935,67352.92712114,64802.256,1.95126552
2024-04-02,69527.4671606,65627.91855506,69781.32799976,64305.482,-5.9520342
2024-04-01,70350.0,69781.327,71457.9998,68351.373,-1.47796535
2024-03-31,69356.36400001,70828.14239994,70878.55869308,69236.6442,1.25245322
2024-03-30,69799.99899999,69952.026,70591.91891205,68650.18036579,-0.03274149
2024-03-29,70727.10795076,69974.93683958,71329.52602682,68666.131,-1.06348348
2024-03-28,69599.99999946,70727.10795076,71329.52622683,68666.131,2.21317947
2024-03-27,70616.30390175,69195.68329735,71328.71313706,67002.24003499,-2.12084059
2024-03-26,69590.34185252,70695.01180424,71121.13470001,69218.35728369,1.58738975
2024-03-25,67462.8728,69590.34185248,70994.84479,65205.78601275,4.17830318
2024-03-24,63974.663,66799.266,68440.85842286,62336.5742,4.41519012
2024-03-23,63340.353,63974.663,66126.167,61504.07750596,1.4837260600000002
2024-03-22,65137.56,63039.332,66724.76779643,61315.80027527,-3.30113542
2024-03-21,67700.0,65191.388,68533.73298273,64269.07894735,-3.70548301
2024-03-20,62090.0,67700.0,68202.745,60559.8262,9.62515331
2024-03-19,67404.66300004,61755.89995007,68445.15700637,61460.641,-5.71097057
2024-03-18,67851.02300008,65496.3788708,68940.00999999,65140.00840148,-4.54608716
2024-03-17,65727.16649061,68615.70879999,68999.99980013,64716.97491691,4.39474644
2024-03-16,69380.81500001,65727.16649061,70583.68329661,65002.142,-5.9697189
2024-03-15,72011.56060086,69900.0,72931.4738,65000.20560064,-3.01467127
2024-03-14,73426.635,72072.75668911,73607.45179756,69108.27919999,-1.92825429
2024-03-13,71126.14598036,73489.82743644,73831.69765763,70857.00039906,3.32322443
2024-03-12,71700.00000035,71126.14598036,72887.34050998,69347.22395132,-0.8003542799999999
2024-03-11,68549.78100012,71700.00000034,72997.07784351,67021.0052,3.71243957
2024-03-10,68070.78200007,69133.462,69998.25040037,67895.68267625,1.5611397
2024-03-09,68100.00200171,68070.782,69483.12679783,67497.53664264,-0.04290749
2024-03-08,66989.966,68100.00200166,69998.99999996,66265.4023242,1.65675427
2024-03-07,65614.79135494,66990.14,67999.99759961,65290.44848937,1.25013962
2024-03-06,64357.99099996,66163.00999998,67905.36632,61266.51910276,2.8046540500000003
2024-03-05,67800.00000004,64357.991,68499.99219851,61000.0,-5.35589559
2024-03-04,63182.05011764,68000.0,68999.30799966,61619.22932532,8.68669648
2024-03-03,61596.47831445,62565.15489347,63187.99999999,60699.02342259,1.57261682
2024-03-02,61981.56195246,61596.47831445,62977.6636,60312.78392275,-1.32752462
2024-03-01,60767.91395592,62425.18805586,63285.79696,59915.72163122,2.5678099199999997
2024-02-29,62933.13389241,60862.35838028,64124.07943106,59680.59395228,-3.29043762
2024-02-28,56799.99999996,62933.13389241,63818.64990995,56291.15174909,10.79777094
2024-02-27,54418.80668846,56800.0,57460.99079798,53339.27547091,4.37568087
2024-02-26,51373.97571244,54418.80668846,54999.73459111,50799.18489007,5.20977536
2024-02-25,51113.10407326,51724.0974061,51896.2053681,51113.00164718,1.19608587
2024-02-24,50704.77760999,51112.74508288,51717.15749355,50690.0,0.8045937499999999
2024-02-23,51450.000001,50704.77760995,51941.6526934,50690.00000004,-1.44844002
2024-02-22,51486.44002442,51450.000001,52486.98679944,50970.00040035,-1.3413494
2024-02-21,51544.74587048,52149.50710243,52486.98739959,50970.00000004,-0.28774704
2024-02-20,51899.98879911,52299.99879979,52796.84266604,51029.9337425,0.7707323399999999
2024-02-19,51685.31264222,51899.98879911,52694.15820041,51289.14293184,0.27039036
2024-02-18,51523.21903367,51760.03465286,52509.9712373,51200.00000001,0.4596289299999999
2024-02-17,52304.66240936,51523.21903367,52644.47328,50464.75841761,-1.49402241
2024-02-16,51949.99999586,52304.66240936,52696.79418748,51524.73939487,0.68269954
2024-02-15,51500.00000001,51949.99999585,53045.53239404,51113.48497814,0.8737864
2024-02-14,49400.00000002,51500.00000001,51999.99999996,49123.08952832,4.10089549
2024-02-13,49543.94275823,49471.23630387,50158.07001898,48136.1888656,-0.92092155
2024-02-12,47878.56394259,49931.06221789,49941.31363392,47369.00300052,3.5428049
2024-02-11,47941.94997607,48222.62857081,48723.82296871,47205.54571923,0.5854551
2024-02-10,47021.21369071,47941.94997814,47941.94999993,46507.95416986,1.95812957
2024-02-09,44885.87069176,47021.21369071,47701.0,44885.81869221,4.75727209
2024-02-08,43985.99999999,44885.87069176,45402.05676229,43400.00000001,2.0458116
2024-02-07,42868.59273282,43985.99999999,43986.0,42480.58582372,2.6511085199999997
2024-02-06,42601.928,42850.0,43504.11477468,42349.1722002,0.20197413
2024-02-05,42803.41650389,42763.62853431,43597.36326508,42348.81540023,-0.09295513
2024-02-04,42951.93491697,42803.41650393,43321.45489969,42353.92138923,-0.34577817
2024-02-03,43402.21141017,42951.93491701,43549.78443999,42542.09940918,-1.12415712
2024-02-02,42875.27557296,43440.27182673,43600.0,42234.40835436,0.8136973599999999
2024-02-01,42600.0,43089.65246249,43089.65246249,41797.63947471,0.23650486
2024-01-31,43083.23078831,42987.98379309,43381.96392062,42210.0,1.00761377
2024-01-30,43000.0,42559.15191701,44380.9659859,41552.98245613,-0.98838657
2024-01-29,42099.99999974,42984.0,43000.0,41562.49223015,2.46542993
2024-01-28,41748.78847298,41949.7581082,42735.00999999,41453.66662013,0.12114396
2024-01-27,41700.00000267,41899.0,42168.94783523,40484.38298131,0.4772182199999999
2024-01-26,40062.52908923,41700.00000136,42237.47021483,39585.02430312,4.08690909
2024-01-25,39991.15066285,40062.67490041,40092.67052761,39376.96644,0.17885016
2024-01-24,39847.21799033,39991.15066285,40092.67052767,39289.01068154,-0.25321402
2024-01-23,39815.00000001,40092.67092772,41152.39878568,38377.23400559,0.6974028099999999
2024-01-22,41836.26294677,39815.00000001,41875.09030005,39815.00000001,-3.89795799
2024-01-21,41550.00000004,41429.92091459,41898.16016293,41124.30956416,-1.00461707
2024-01-20,41459.7609103,41850.3567404,41950.96534842,40500.0002,0.21705243
2024-01-19,41482.0935296,41759.71626208,42149.08999901,40569.451,0.65007535
2024-01-18,42792.72307039,41489.9999983,42895.9070038,40931.57908433,-2.39278949
2024-01-17,42644.51921829,42507.10555145,43220.01017219,42216.94149447,-0.82395579
2024-01-16,42274.57649994,42860.25510591,43266.1550625,42216.94149443,1.38541567
2024-01-15,41777.00587893,42274.57649981,43125.30122356,41777.00587893,0.4533752
2024-01-14,43156.42268768,42083.77908165,43232.81737628,41777.00588007,-2.51735045
2024-01-13,43041.52722615,43170.5326812,43988.99292072,42178.56832,1.52052333
2024-01-12,46527.44177446,42523.94615762,46563.61393188,42247.03838691,-7.803244950000001
2024-01-11,46237.69262918,46123.03994081,48474.79999999,45000.00320064,0.25632683
2024-01-10,46201.89236147,46005.11648275,47324.2,44000.45459514,-0.56429653
2024-01-09,46210.5310916,46266.19501776,47504.01802947,43837.10726703,0.12045723
2024-01-08,43590.1031657,46210.5310916,47000.0,42837.04728224,6.0115203600000005
2024-01-07,43907.75810559,43590.10316569,44307.30766139,43004.49047347,-0.96489869
2024-01-06,43710.98861337,44014.8014082,44075.7288588,43066.92700448,0.77729008
2024-01-05,43146.3242003,43675.31749696,44140.69259957,42501.28641871,-1.0542995
2024-01-04,42490.50974712,44140.69259961,44150.0,42247.03838691,2.22044817
2024-01-03,45268.95954579,43181.86173902,45478.54236,40600.0002,-4.61072358
2024-01-02,43744.67799936,45269.09455489,45883.00306723,43744.67799936,3.53563558
2024-01-01,42389.72892552,43723.20148622,43723.20148622,42205.53881072,3.34977252
2023-12-31,42506.63690925,42306.04521045,42879.99999999,41873.9279632,-0.47282142
2023-12-30,41691.60972832,42507.02754251,43100.011516,41342.70938657,1.9412106
2023-12-29,42759.1791053,41697.5895155,43100.05091755,41342.70938653,-2.48271742
2023-12-28,43429.80058221,42759.1791053,43723.20108611,42500.00000004,-1.46601389
2023-12-27,42300.0012125,43395.36112531,43497.0,42064.26820085,1.80851816
2023-12-26,43124.69236077,42624.48949184,43694.98538298,41843.44007493,-1.1597225
2023-12-25,42913.01664247,43124.61535991,43798.80259665,42512.53101838,-0.40856243
2023-12-24,43425.84205708,43301.52914138,43869.6,42700.0018,-0.70487797
2023-12-23,43641.72552135,43608.91880161,43809.51,42501.05631163,-0.20678424
2023-12-22,43692.71937743,43699.2820287,44067.99999999,43000.36000069,0.01502001
2023-12-21,42275.16631065,43692.71937718,43999.99999991,42267.32160477,1.22116903
2023-12-20,42384.21155454,43165.59450595,43852.900581,41878.98795158,1.80162298
2023-12-19,42442.92792,42401.67616445,43343.98,41072.56960858,-0.0971934699999999
2023-12-18,41224.13242564,42442.92792,42641.3598,40507.19767525,1.91487038
2023-12-17,42295.41163609,41645.4711294,42530.16067405,41224.13142506,-1.79195421
2023-12-16,41903.71940147,42405.35568668,42773.25103801,41783.00953248,0.50502538
2023-12-15,43245.13705944,42192.2739942,43654.29965999,41903.718,-2.4346392299999997
2023-12-14,42715.76393376,43245.13706665,44067.11804435,41903.7180001,0.7927679
2023-12-13,41582.18421048,42905.00000004,43567.99999995,40694.1825301,3.18120805
2023-12-12,41496.35030625,41582.18421048,42237.31760615,40771.82737177,0.2068468799999999
2023-12-11,43563.354343,41496.35030625,43806.97117899,40339.766027,-5.27455063
2023-12-10,43716.34713114,43806.97118193,44151.26450023,43394.45313947,0.2073001399999999
2023-12-09,43917.02861821,43716.34713114,44493.28882674,43341.04460744,-1.55026575
2023-12-08,43026.80513535,44404.73858645,44411.51437085,42236.02880576,2.3811182
2023-12-07,43754.08591345,43371.99999999,44803.51720168,42892.19858155,-0.87325768
2023-12-06,44314.2292417,43754.08591345,44790.51940143,43283.1420029,-1.0183691
2023-12-05,41730.6639074,44204.24831981,44400.0,41246.36320444,5.92752678
2023-12-04,39823.85639915,41730.65270581,42160.0,39823.85639915,4.326631764525
2023-12-03,39100.00000303,40000.0,40000.0,39061.74556338,0.55471776
2023-12-02,38969.08179042,39779.33695379,39779.95739833,37831.86208006,2.07856701
2023-12-01,38200.06829656,38969.33324723,38969.34247126,37635.64000004,2.00765458
2023-11-30,37708.62698525,38202.36178094,38210.38878878,37537.6151944,-0.02152401
2023-11-29,37606.89687654,38210.58623294,38212.0,37537.61519437,0.24493118
2023-11-28,37150.0000001,38117.22526353,38117.33213943,36734.7359,2.0541544700000003
2023-11-27,37680.19014387,37349.99859959,37847.01410951,36980.85,-0.8763000999999999
2023-11-26,37382.96151732,37680.19014446,38175.01979999,37247.00000008,-1.075706
2023-11-25,37446.31554149,38089.92575999,38198.85321106,37321.14523659,-0.18828744
2023-11-24,37338.0599662,38161.77959905,38411.99579876,36745.79658008,2.16405869
2023-11-23,37579.9489827,37353.42946332,37696.72998423,36745.79498,-0.60276856
2023-11-22,36072.00214843,37579.94958276,37601.0,36000.0,2.41203349
2023-11-21,37361.5660719,36694.85733433,37566.09999995,36236.86430422,-2.14704711
2023-11-20,37250.28813871,37500.0,37500.0,36433.02590986,0.67036223
2023-11-19,36334.23289577,37250.28813871,37300.0,36236.8643042,2.59413253
2023-11-18,36302.84813087,36308.4001184,36877.46548022,36060.41073677,-0.2516480299999999
2023-11-17,36392.64027971,36400.0,37111.89105999,35758.00040008,0.0202231
2023-11-16,37592.10795417,36392.64027971,37710.99999995,35825.44962056,-3.4450547499999997
2023-11-15,35426.67297318,37691.12,37691.12,35216.12463544,6.39193527
2023-11-14,36658.92920426,35426.67017313,36932.99999995,35203.92204897,-3.47266511
2023-11-13,36925.69639836,36701.1792189,37299.46537153,36276.64249981,-0.99931306
2023-11-12,36932.3511867,37071.6409683,37299.85639391,36628.32397635,-0.20984322
2023-11-11,37216.42674414,37149.59688032,37379.25120352,36721.29247303,-0.17957088
2023-11-10,36886.27452029,37216.42674414,37379.99999995,36100.0,0.8400532800000001
2023-11-09,35534.159,36906.3933748,37778.42287198,34909.929278,3.86173309
2023-11-08,35407.38879977,35534.159,35733.0,34681.58922387,0.3223009599999999
2023-11-07,35122.55439803,35420.0,35424.23979999,34493.91520003,1.57437412
2023-11-06,34981.0131438,34871.00000004,35409.50931897,34579.3827709,-0.99537037
2023-11-05,35063.0,35221.58522184,35334.11923097,34595.54938501,-0.05697632
2023-11-04,34591.0,35241.66462629,35287.89222864,34000.41902807,1.88102289
2023-11-03,34732.0,34591.0,35313.00668416,33997.98759268,-0.40596568
2023-11-02,35010.19656,34732.0,35733.0,34353.91427468,-0.67119958
2023-11-01,34631.99999999,34966.69632022,35577.44779998,34175.32493573,1.4725860400000002
2023-10-31,34294.15844295,34459.2541538,34697.61047485,34099.22635785,0.48723898
2023-10-30,34354.04574001,34292.169338,34773.62979994,34074.9138513,-0.53654878
2023-10-29,33943.0,34477.15609836,34577.99979999,33822.74136983,0.8752884799999999
2023-10-28,33778.0,34178.0,34453.27459594,33695.438053,1.17821196
2023-10-27,34167.0,33780.0,34499.18922791,33502.73080926,-0.84941229
2023-10-26,34301.64940829,34069.3895836,34773.62979999,33728.238,-1.2627324
2023-10-25,33822.7405698,34505.09661997,34964.29741218,33281.29745085,2.01744755
2023-10-24,32896.46104125,33822.7405698,35047.87345,31426.17290842,6.694502419999999
2023-10-23,29849.00060001,31700.54670429,33488.38832625,29800.79165025,6.2030422000000005
2023-10-22,29769.981563,29849.00060001,30111.0,29658.45228,0.30567224
2023-10-21,29428.41678001,29758.03853751,29907.52111074,28593.0,1.21781815
2023-10-20,28449.0,29400.00000001,29741.99000807,28306.51371238,3.6796006
2023-10-19,28440.4131,28356.59071768,28878.2667175,27921.81361391,-0.30881051
2023-10-18,28358.71404976,28444.4301075,28824.03711625,27982.80464,0.29770842
2023-10-17,28378.61909225,28360.00000001,28933.81996,27921.36346876,-0.06560958
2023-10-16,27021.09519375,28378.61909225,29603.8135601,26939.66269883,5.17103676
2023-10-14,26929.80135458,26949.99999999,27279.92884,26729.08241603,-0.8705655099999999
2023-10-13,27123.9987,27186.67784,27285.29045999,26729.08121606,-1.00827566
2023-10-12,26758.0,27463.58649903,27551.16546506,26727.10990818,1.13742859
2023-10-11,27425.34018918,27154.72094,27568.7222725,26561.39615731,-1.44426557
2023-10-10,27630.98568805,27552.6544425,27630.98568813,27290.95613435,-0.28349059
2023-10-09,27863.0760829,27630.98568813,28188.56454,27148.31489713,-1.40471726
2023-10-08,27823.26860651,28024.65282374,28209.78734,27619.09798302,0.7309912
2023-10-07,27815.3065895,27821.28170216,28246.27202833,27763.55347901,-0.24265285
2023-10-06,27354.6782636,27888.95504677,28185.6338,27083.93454,1.27963804
2023-10-05,27849.99699983,27536.5864125,28464.22909981,27295.78498025,-0.52509534
2023-10-04,27818.81827993,27681.94300474,27838.57338527,27176.14682061,-0.49202405
2023-10-03,27472.9398585,27818.81827993,27818.81827993,27263.93691225,1.25897856
2023-10-02,27899.99959992,27472.9398585,28464.51414495,27434.15252125,-1.5306801
2023-10-01,26715.84857291,27899.99959992,27912.4,26671.80444352,3.1423275399999997
2023-09-30,26643.51315946,27050.0,27107.66325599,26643.51315946,0.73214138
2023-09-29,26754.19427418,26853.39518087,27115.37999994,26592.99630104,0.31847688
2023-09-28,26244.79873625,26768.14482813,27118.81763245,26200.43925868,1.99409451
2023-09-27,26137.31210674,26244.79873625,26810.01685427,26123.377977,0.5184112200000001
2023-09-26,26722.59671844,26109.44444725,26722.62751999,26029.92959671,-2.2945093
2023-09-25,26847.85538964,26722.59691847,26847.85538964,26024.4502,-0.54327126
2023-09-24,26707.07436375,26868.56611489,26999.99999999,26434.950019,0.60467781
2023-09-23,26455.81884254,26707.07436375,26940.32404,26419.96291025,0.94971819
2023-09-22,26674.93810375,26455.81864255,26815.53236625,26412.00109324,-0.8289103299999999
2023-09-21,26985.26751722,26676.9466075,27225.26833125,26298.57204972,-2.03631933
2023-09-20,27323.684815,27231.46621749,27791.46553837,26280.02,-0.1393104299999999
2023-09-19,26887.83970125,27269.45541374,27582.78199874,26664.83433202,1.54064767
2023-09-18,26423.94391875,26855.70364125,27790.63100277,26342.3332445,1.5338512
2023-09-17,26628.01835065,26450.0,26650.0,26404.02178871,-0.6685377299999999
2023-09-16,26464.37247117,26628.01835065,26799.46553625,26376.17181677,0.03012153
2023-09-15,26624.72571,26620.0,26825.6088,26057.30931645,0.4468656
2023-09-14,26301.35640623,26501.5735845,26815.3218902,26101.48223025,0.68435592
2023-09-13,25885.59613,26321.44124375,26488.21788757,25331.38779129,1.3387789799999998
2023-09-12,25229.82410775,25973.71066525,26353.696063,25081.68638327,2.94844131
2023-09-11,25770.05502675,25229.82410775,25849.39535683,25050.00000004,-2.0963514400000003
2023-09-10,25502.04979947,25770.05502675,25993.74502425,25500.59772,1.05106619
2023-09-09,25585.81102373,25502.01200004,25941.67559637,25493.75465062,-0.96989673
2023-09-08,26099.99999998,25751.77765005,26202.64557763,25100.00020008,-1.33418449
2023-09-07,25760.40355206,26099.99979998,26202.64637764,25211.87224676,2.3858963600000003
2023-09-06,25387.24356083,25491.79206,25941.54258925,25387.24356083,-1.60406502
2023-09-05,25829.9998,25907.36300846,25933.50057025,25209.24775812,0.29950913
2023-09-04,25446.80693599,25829.9998,26098.36195973,25206.88760766,-1.02827204
2023-09-03,25665.65960172,26098.36195974,26152.645588,25216.2590536,1.4541332299999998
2023-09-02,26077.89409814,25724.2964175,26087.32522,25430.93545178,0.11614324
2023-09-01,26060.16256949,25694.45404624,26323.80562,25400.07801536,-1.4033240299999998
2023-08-31,27380.11798831,26060.16256949,27415.242571,25791.57665063,-4.82085366
2023-08-30,27223.83386103,27380.11798831,27735.20596531,26918.8954709,-1.28027885
2023-08-29,25953.08946375,27735.20596531,27899.99979999,25818.79889323,6.1805379799999995
2023-08-28,25989.00360015,26120.8,26211.95507811,25798.90364564,-0.4240187599999999
2023-08-27,25878.48323562,26232.02872404,26282.32334437,25779.77096001,0.41737382
2023-08-26,25868.53571187,26122.99816857,26206.92941625,25735.59364639,1.50778085
2023-08-25,26018.00199126,25734.9712,26419.25579348,25400.07801536,-1.46005525
2023-08-24,26189.2787085,26116.28336587,27499.745,25865.62421908,-0.7232224300000001
2023-08-23,25998.10314575,26306.538151,26699.97899997,25719.53731003,1.3817564
2023-08-22,26027.95171401,25948.0,26241.91490025,25600.0,-1.17679397
2023-08-21,26047.8505595,26256.99068437,26326.07224687,25908.56124107,0.8029074199999999
2023-08-20,26487.26775478,26047.85055951,26487.26775478,25905.99080012,-1.73282724
2023-08-19,26000.0,26507.17409269,26990.70414851,25800.00020002,1.95066959
2023-08-18,26990.0,26000.0,27896.64958429,25541.13475176,-3.66802519
2023-08-17,28700.0,26990.0,29489.47279388,26255.39568344,-5.9818620199999994
2023-08-16,29062.55615276,28707.22668901,29500.28780128,28396.40287768,-1.22263665
2023-08-15,29266.52136911,29062.55615276,29603.8135601,28890.00440083,-0.76439748
2023-08-14,29157.07661887,29286.42081462,29529.78663317,29120.00000004,0.10199541
2023-08-13,29319.28825202,29256.58044669,29603.8143601,29157.07661887,-0.2135141499999999
2023-08-12,29316.9004,29319.18104781,29573.66279186,29316.9002,0.0077792899999999
2023-08-11,29316.26978285,29316.9004,29624.9996,29316.26898287,0.00215108
2023-08-10,29694.26946485,29316.26978285,29745.6809686,29271.4961305,-1.27297182
2023-08-09,29629.67874951,29694.26946486,29907.52151074,29283.01053646,-0.2237233899999999
2023-08-08,29067.55978165,29760.85145152,29760.86465216,28979.02867922,1.70130011
2023-08-07,29043.62478567,29262.99999998,29490.21754,28886.33154365,0.75533001
2023-08-06,28942.91783389,29043.62478567,29399.3731815,28893.414266,-0.94261669
2023-08-05,28886.41035923,29320.0,29320.0,28886.41035923,1.04632381
2023-08-04,29322.4,29016.3945539,29517.73471656,28886.33154365,-1.04358936
2023-08-03,28878.73807244,29322.4,29504.78739039,28878.73807244,0.39339211
2023-08-02,29350.67442768,29207.49999998,29931.92719737,28974.20107075,-0.48780626
2023-08-01,29355.05041461,29350.67442768,29397.77884375,28862.0,0.7840488200000001
2023-07-31,29335.41713488,29122.34105613,29440.99979999,29122.34105608,0.0147684
2023-07-30,29235.73876177,29118.04078657,29427.9994,29112.33956793,-0.37268819
2023-07-29,29458.08198024,29226.96623799,29535.44601299,29157.08241981,-0.1145179299999999
2023-07-28,29335.35588815,29260.47472669,29518.38111675,29020.00000004,-0.2552590899999999
2023-07-27,29186.92618711,29335.35588815,29553.05818799,29100.00000004,-0.50148002
2023-07-26,29137.17800153,29483.20828712,29553.17361095,29137.17800147,0.3763894
2023-07-25,29549.96919998,29372.65273677,29549.96919998,29020.00000001,-0.6001478299999999
2023-07-24,29923.18987062,29549.99639999,30211.8707865,28880.5973,-2.0767621
2023-07-23,29799.487,30176.69455687,30269.59906262,29716.0,1.26581896
2023-07-22,29868.98512829,29799.487,30091.2651135,29788.832,-0.85374145
2023-07-21,29654.91101292,30056.08828387,30277.7518,29559.00000004,1.36819166
2023-07-20,30040.8068,29650.41379441,30310.9998,29604.98397184,-1.3085767700000002
2023-07-19,29935.48201085,30043.5568,30151.56825,29736.94406,0.36102572
2023-07-18,30212.9975,29935.48201085,30339.13279999,29692.33640003,-0.91853014
2023-07-17,30240.203,30212.9975,30399.4221,29953.0,-0.08996467
2023-07-16,30430.84529998,30240.203,30473.45803605,29977.91204575,-0.65320017
2023-07-15,30382.73027321,30439.0308,30730.3848,30163.44905676,0.18530437
2023-07-14,31558.64143497,30382.73027321,31999.99599916,30163.44905741,-2.90342827
2023-07-13,30496.19689988,31291.24924875,31999.99999996,30225.0,2.60703054
2023-07-12,30301.28894396,30496.20390023,30898.99959992,30252.00760151,0.64325632
2023-07-11,30447.125,30301.28894396,30618.91735787,30225.00000004,-0.47898137
2023-07-10,30297.30082987,30447.125,30813.99999999,30074.70448729,0.49451326
2023-07-09,30135.03714256,30297.30082986,30422.98649374,30112.23080287,-0.33782622
2023-07-08,30287.25030711,30399.99999999,30458.63960835,30032.63462087,0.42946812
2023-07-07,30016.00000001,30269.99999998,30485.85103347,29848.0,0.84621535
2023-07-06,30438.00814836,30016.00000001,31187.99959992,30016.0,-1.38645126
2023-07-05,30814.92,30438.00814836,30909.30613711,30229.00000004,-0.75739459
2023-07-04,30600.1546003,30670.30336631,31242.04996837,30411.46881617,-0.91330932
2023-07-03,30261.03653475,30952.99999999,30952.99999999,30183.20802315,0.93932093
2023-07-02,30255.13129225,30664.95763434,30784.75098325,30066.96429122,1.35457207
2023-07-01,30499.42,30255.13009226,30508.0,29632.25654722,-0.60842977
2023-06-30,30392.56403083,30440.33817315,30993.02064958,29490.63069704,0.15719023
2023-06-29,30176.60610572,30392.56403083,30399.99999999,29856.04320215,0.71564683
2023-06-28,30074.38824825,30176.60610572,30546.95982837,29958.01300029,0.34341806
2023-06-27,30225.2517639,30073.32886377,30546.96422921,29836.16707422,-0.50263568
2023-06-26,30000.0,30225.2517639,30561.46300315,29712.00580116,-1.100115
2023-06-25,30428.91190449,30561.46300314,30993.02064958,29960.30067505,0.40988318
2023-06-24,30390.81723987,30436.70805644,30821.75772498,29909.84506374,-0.6111311399999999
2023-06-23,29977.15707351,30623.86,31180.0,29600.00080001,1.88284918
2023-06-22,30018.47239997,30057.9147985,30439.99859972,28445.78346616,0.13139242
2023-06-21,27895.08568017,30018.4728,30579.9998,27893.76484297,7.61605912
2023-06-20,26702.53923773,27894.04578185,28188.9958,26241.02,4.61375576
2023-06-19,26508.25375312,26663.84127061,26900.22414037,26286.63930549,1.16010537
2023-06-18,26292.0055532,26358.06,26700.99999996,26200.10895557,-0.16674507
2023-06-17,26164.52676001,26402.08417417,26701.0,26045.5386,-0.1471791
2023-06-16,25512.19600001,26440.99979996,26440.99979996,25341.43444425,2.80326516
2023-06-15,25061.04800004,25720.0,25754.46434687,24809.56073579,2.63723439
2023-06-14,26079.928,25059.1319549,26345.4912,25058.5054831,-3.1446064
2023-06-13,25830.14141032,25872.72739659,26639.89,25830.14141032,-0.1176407
2023-06-12,26031.87801494,25903.20010175,26313.04204,25116.4368903,0.19701987
2023-06-11,25892.46850434,25852.26600002,26399.46720222,25515.35376363,1.17750296
2023-06-10,26388.27000012,25551.39753701,26679.23411628,25107.807,-3.17138055
2023-06-09,26603.73371925,26388.2700001,26871.86388876,26316.48787375,-0.82863309
2023-06-08,26236.89169175,26608.75898059,26900.1149165,26236.89169175,1.47506617
2023-06-07,27188.99999999,26221.96760764,27251.99203662,26141.0002,-3.5567045200000003
2023-06-06,26056.57335957,27189.0,27189.0,25473.84,4.226325
2023-06-05,27008.32141242,26086.49973999,27251.99203662,25460.82891725,-3.7964613
2023-06-04,27148.79376532,27115.94614,27316.0,26867.32304891,-0.1209910999999999
2023-06-03,27202.43649476,27148.79376533,27292.19432762,26640.16104037,0.22501954
2023-06-02,26820.0,27087.84083037,27236.14131998,26600.77348279,0.99866081
2023-06-01,27190.64,26820.0,27389.9998,26515.50464423,-1.36311613
2023-05-31,27621.07900002,27190.64,28153.7534,26821.00000004,-2.1910485399999997
2023-05-30,27819.84697198,27799.74592647,28203.01456,27552.4842,-0.07225434
2023-05-29,28199.0,27819.84697198,28477.799,27036.47674301,-1.34456126
2023-05-28,26824.99658798,28198.9998,28198.9998,26684.6200155,5.12210023
2023-05-27,26760.15189089,26824.99658798,26935.40057,26550.30165836,0.24231812
2023-05-26,26347.00216643,26760.15189089,26999.25303984,26286.63930549,1.0072379100000002
2023-05-25,26232.59173679,26493.3013166,26518.30427585,26000.0002,-0.09428566
2023-05-24,27052.75235725,26518.30427585,27277.11874349,26202.06816212,-1.97557747
2023-05-23,26754.45380834,27052.75235725,27543.00099996,26754.45380834,1.11494988
2023-05-22,26814.01540997,26754.45360835,27010.77969062,26513.3467996,-0.81594784
2023-05-21,27002.95300001,26974.5518815,27466.08592857,26742.67839999,0.13445092
2023-05-20,27145.65212604,26938.33304562,27150.0,26742.67839999,0.25782395
2023-05-19,27000.72936787,26869.05817915,27564.72,26634.87240175,-0.52468574
2023-05-18,27384.99999991,27010.77989062,27513.30582812,26480.65499911,-0.9203847
2023-05-17,26913.46003875,27261.692335,27384.99999999,26480.65479912,1.29389642
2023-05-16,27132.34853926,26913.46003875,27397.7228,26764.2161975,-0.91574723
2023-05-15,26774.71059188,27162.19710751,27648.98788525,26670.0002,0.60836508
2023-05-14,26734.96095775,26997.951,27262.04275937,26644.8221245,0.295126
2023-05-13,26870.07257211,26918.50748485,26920.862,26640.02180085,0.18025598
2023-05-12,27086.1588112,26870.07257211,27746.69698218,26037.946,0.09782289
2023-05-11,27455.70962864,26843.81317952,28063.69656443,26140.0,-2.66955189
2023-05-10,27505.45584237,27580.07766308,28215.95276,27050.0,0.28943705
2023-05-09,27530.33264928,27500.481081,28215.95296,27376.11204661,-0.10842067
2023-05-08,28633.93931475,27530.32964925,29004.59192564,27222.06619999,-3.2431786499999995
2023-05-07,28899.99999999,28453.11500001,29081.18717712,28152.79453628,-1.54631488
2023-05-06,29374.49624182,28899.99999999,29904.99959996,28433.5864,-0.84558133
2023-05-05,28925.0,29146.457,29636.0,28518.5767887,0.22443864
2023-05-04,28752.90773762,29081.18757712,29458.09531435,28151.88526187,1.14244037
2023-05-03,28562.412,28752.70506811,29237.6496,28087.50292325,0.34889955
2023-05-02,28196.74157511,28652.73580151,28916.7376,27789.02644055,1.32688699
2023-05-01,29261.54640778,28277.52500001,29463.10744162,27714.39582012,-4.2851596
2023-04-30,29152.10165751,29543.51162362,29905.0,28958.08596387,0.65057353
2023-04-29,29362.60201412,29352.55169137,29623.91560562,28837.66492855,-0.23651682
2023-04-28,29395.51663914,29422.14,29714.37051037,28810.75371648,0.0905694599999999
2023-04-27,28419.68549137,29395.51663914,29791.0,28018.10717763,3.43364513
2023-04-26,28319.99999999,28419.68549137,29904.9996,27047.84,0.35199679
2023-04-25,27408.593048,28319.99999999,28320.0,26990.00000004,3.38160888
2023-04-24,27468.3503545,27393.65377137,28053.2065935,27079.92896225,-0.07266122
2023-04-23,27802.19364975,27413.57280687,27810.44309701,27409.418,-1.4270549
2023-04-22,27382.5595012,27810.44309701,27810.44309701,27109.8073155,1.52077527
2023-04-21,28348.83199998,27393.84428783,28439.76652687,27163.0,-3.36870215
2023-04-20,28637.58113943,28348.832,29289.99299999,28044.8902,-2.2454069
2023-04-19,30136.97834676,28999.99999999,30433.9998,28556.0,-4.01018909
2023-04-18,29547.11200133,30211.53987476,30432.80730025,29206.26393596,2.22398231
2023-04-17,30105.54581616,29554.2583971,30369.05679997,29263.20783728,-2.68298883
2023-04-16,30177.5009814,30369.05679997,30498.07246562,29892.39435,0.67387495
2023-04-15,30175.78038,30165.77718408,30675.9998,29895.51181833,-0.11903343
2023-04-14,30299.8,30201.72733645,30920.0,29894.51848338,-0.32367429
2023-04-13,30031.535,30299.8,30427.78884137,29631.78989519,0.89327768
2023-04-12,30287.22159283,30031.535,30446.08619914,29545.18504476,-0.0727279
2023-04-11,28919.97333193,30053.39220001,30315.0,28534.18294531,1.42447327
2023-04-10,28163.19400002,29631.30222158,29631.30802186,28035.89994,5.212861230000001
2023-04-09,27867.90232226,28163.19400001,28440.0,27672.44615533,0.25670324
2023-04-08,27841.83207012,28091.08328003,28277.965,27672.00000004,0.89523997
2023-04-07,27942.88100001,27841.83207012,28349.9998,27784.0,-1.39770859
2023-04-06,28120.0,28236.496,28399.43180284,27563.35047114,0.40008107
2023-04-05,28243.97643075,28123.97729036,29218.9998,27773.00320064,-0.26531918
2023-04-04,27632.1602,28198.79410087,28342.96392904,27381.48228147,1.43451188
2023-04-03,27899.96736011,27799.99979997,28355.0,27300.0,-0.84936365
2023-04-02,28268.40978988,28038.14561687,28580.33357537,27788.64339999,-1.75428072
2023-04-01,28266.36688001,28538.79621646,28710.86030612,28133.0945,0.96379325
2023-03-31,27988.44383032,28266.36688001,28645.59674075,27582.88460862,0.49009564
2023-03-30,28357.4008354,28128.51027662,28796.204707,27742.67726,0.07450839
2023-03-29,27310.69688424,28107.56778,28444.94,26542.2912,4.4366853
2023-03-27,28050.67,27035.11093238,28133.5307355,26542.11500374,-3.62044496
2023-03-26,27536.11992937,28050.67,28272.43480299,27363.77521814,1.8686368
2023-03-25,27423.53252463,27536.11992937,28000.61058392,27298.0,-0.1638150699999999
2023-03-24,28248.36979999,27581.30225925,28339.9998,27150.853,-2.3614373
2023-03-23,27420.65397524,28248.36979999,28966.33626264,26256.0,3.51131582
2023-03-22,28080.49928096,27290.12724449,28719.9998,26700.0,-2.81466518
2023-03-21,27820.30552574,28080.49928096,28422.64716923,27155.74443397,0.34479604
2023-03-20,27931.46752989,27984.01151708,28429.9998,26921.9442,-1.08109573
2023-03-19,26859.112684,28289.85189779,28289.86649851,26859.112684,5.326829780000001
2023-03-18,27349.1111588,26859.112684,27603.7988,26169.36661899,-1.82229224
2023-03-17,24737.70019,27357.649,27521.05895275,24737.70019,9.61347623
2023-03-16,24393.43787361,24958.28974794,25010.48523036,23936.80694835,1.791861
2023-03-15,24500.00060002,24518.9443454,25180.44865111,23857.02385704,0.07732304
2023-03-14,23940.9502822,24500.0002,26313.9998,23567.02356704,3.95882251
2023-03-13,21818.04507075,23567.023567,24005.0,21207.00040003,8.01620168
2023-03-12,20354.39599186,21818.04507075,21818.04507075,19935.65419999,7.30260827
2023-03-11,20168.50884717,20333.19172953,20790.58499999,19616.13891235,0.72554637
2023-03-10,20617.83084727,20186.72765999,20673.72114154,19167.0,-0.2766049599999999
2023-03-09,21681.89197567,20242.72002687,21848.166424,20182.96312036,-6.792547229999999
2023-03-08,21937.12255939,21717.91999999,22325.09081712,21538.00020001,-2.34635274
2023-03-07,22361.33305164,22239.74281584,22599.9998,21771.5936245,-0.99934757
2023-03-06,22530.92183097,22464.23863862,22687.71219996,22265.19727142,0.49151615
2023-03-05,22410.43561798,22354.36333222,22750.69452,22348.00020002,0.40286074
2023-03-04,22512.23371956,22264.66772739,22718.96403313,22220.00000001,-1.13964774
2023-03-03,23374.98835927,22521.33157443,23645.10037527,21800.00019999,-3.45061762
2023-03-02,23465.56446781,23326.23059794,23750.84453762,22951.00020002,-0.59378018
2023-03-01,23277.13960576,23465.56446781,23852.0,23014.16300001,-0.35110491
2023-02-28,23225.06372501,23548.24350754,23615.297548,23141.53400868,0.08689086
2023-02-27,23646.77572623,23527.79999999,23850.0,23141.51086716,-0.50313805
2023-02-26,23051.30403236,23646.77592623,23730.9996,22893.68049738,2.5832460200000003
2023-02-25,23096.12186226,23051.30403236,23674.27985975,22685.02198809,-0.19404916
2023-02-24,23867.98428787,23096.12186226,24200.2935409,22976.60764925,-4.5588168
2023-02-23,24037.29608962,24199.32474369,24549.06549875,23618.99634412,0.67407188
2023-02-22,24383.12851602,24037.29608962,24549.06569875,23569.19895536,-1.41832672
2023-02-21,24737.64783144,24383.12851602,25041.0510685,24005.00000001,0.68558849
2023-02-20,24211.84135531,24217.09887436,24900.0,23799.00000001,-0.8249465500000001
2023-02-19,24406.80602385,24418.538768,24900.0,24050.00020001,0.04807161
2023-02-18,24759.91677147,24406.80602385,24996.99756515,24380.899452,-0.19950449
2023-02-17,23513.85,24455.59603511,24870.36226675,23421.26832003,3.52847669
2023-02-16,24107.41751011,23622.09588813,25067.65864054,23622.09588813,-2.01316305
2023-02-15,22206.99639981,24107.41751011,24111.27822498,21350.00000001,9.84433804
2023-02-14,21366.66292861,21946.89133677,22206.99999999,21121.0004,2.71651595
2023-02-13,21817.99999999,21366.46782971,22087.0978,21231.44099998,-2.06953969
2023-02-12,21892.66,21818.0,22038.93646124,21231.44079999,-0.34102754
2023-02-11,21672.45756336,21892.66,22145.30028,21231.44059999,1.01604738
2023-02-10,21706.77293602,21672.45756336,22309.68697587,21500.00039999,-1.93818943
2023-02-09,23032.9475185,22100.81318845,23203.97990898,21741.63164814,-4.06787004
2023-02-08,23170.8180454,23037.96777737,23524.0,22677.82231675,-1.33304667
2023-02-07,22847.19814012,23349.22382761,23429.54556961,22552.34374999,2.17486731
2023-02-06,22755.00020001,22852.218399,23237.71555802,22552.34375,-0.51276101
2023-02-05,23120.34710544,22969.99959997,23429.54576961,22755.00000001,-1.10049189
2023-02-04,23103.63807422,23225.59539302,23545.01392375,23035.0002,-1.14585275
2023-02-03,23449.68454237,23494.811335,23834.68920818,23103.21861262,0.55545703
2023-02-02,23806.06738525,23365.0286415,24063.66288023,23190.62579998,-1.85263167
2023-02-01,23026.40543802,23806.06738525,23841.20939737,22552.34374999,2.50756595
2023-01-31,22789.47,23223.71735575,23237.80610255,22530.18224065,2.1156738500000003
2023-01-30,23489.37136153,22742.55898213,24127.93563625,22667.43340007,-3.1747719200000004
2023-01-29,22996.17611623,23488.25758785,24154.27475725,22996.17611623,0.82538256
2023-01-28,22947.001865,23295.97666,23416.36714645,22947.001865,1.52396064
2023-01-27,22850.206251,22946.28431949,23417.54,22476.00000001,0.42137294
2023-01-26,22928.86404885,22850.00060004,23506.05873412,22653.88644962,-0.56946706
2023-01-25,22491.00000002,22980.86908,23507.0,21127.25,2.17806714
2023-01-24,22929.99919996,22491.00000002,23232.9982,22491.00000001,-1.91451989
2023-01-23,22340.05444528,22929.99939996,23180.25628313,22340.05424528,0.29410449
2023-01-22,23083.84690502,22862.75899988,23083.84690502,22258.45124,2.24431892
2023-01-21,22150.08860016,22360.90889083,23232.9998,22000.0,-0.8870079799999999
2023-01-20,20842.62437678,22561.027,22603.105,20842.62437678,8.26948044
2023-01-19,20513.28102278,20837.845447,21287.9872,20513.28102278,-1.682851
2023-01-18,20810.11263219,21194.51759808,21399.99959985,20489.47849787,1.85718907
2023-01-17,21029.99960001,20808.07235183,21445.51381752,19500.00059998,-1.05528888
2023-01-16,20799.99939999,21029.99960001,21138.99999999,20360.78341358,1.13599493
2023-01-15,20552.58947175,20793.78327635,21000.0,20210.45998063,-0.54628145
2023-01-14,19593.0,20907.9998,20909.9998,18494.28591427,6.711579650000001
2023-01-13,18791.31,19593.0,19593.0,17870.00119997,3.64695621
2023-01-12,17857.55959,18903.5941967,18933.6898,17528.30441443,8.196134820000001
2023-01-11,17382.41008336,17471.59843328,17965.41643067,17154.2749546,1.90921702
2023-01-10,17388.14180595,17144.27698002,17388.14180595,16906.39231311,-1.43314333
2023-01-09,16960.0,17393.55150256,17393.61470257,16876.3585995,3.78450968
2023-01-08,16850.0,16759.29438434,16960.0,16748.96353473,-0.53831226
2023-01-07,16899.50502959,16850.0,16961.19292614,16710.81189885,-0.29293775
2023-01-06,16638.19154164,16899.50502959,16899.50522959,16501.43564655,-1.18e-06
2023-01-05,16726.76132401,16899.50522959,16899.72064031,16502.60518703,1.03273971
2023-01-04,16600.00039999,16726.76132401,16938.74419197,16410.0,0.76362122
2023-01-03,16800.0,16600.00019999,16943.9998,16522.93123025,-1.7053400900000002
2023-01-02,16544.274642,16887.9979999,16887.9998,16468.03735599,2.0775970299999997
2023-01-01,16795.62714666,16544.274642,16832.97691126,16402.22474719,-1.47483632
2022-12-31,16538.40258205,16791.92809709,16927.3798,16340.88040243,0.25821799
2022-12-30,16551.690572,16748.6799916,16876.91982911,16321.88778693,1.1901468199999998
2022-12-29,16510.40460835,16551.690572,16880.92290269,16500.0,0.25146537
2022-12-28,16613.51100798,16510.1732036,16904.283392,16510.02540055,-0.86963257
2022-12-27,16971.99284083,16655.01060041,16998.97300049,16610.74617599,-0.66157651
2022-12-26,16736.71071988,16765.93005567,17007.17781292,16735.016735,-1.20251725
2022-12-25,16830.24940241,16969.99719986,17003.99939998,16735.0,-0.13170345
2022-12-24,16811.19600398,16992.376747,17007.184413,16811.19600398,-0.0679994999999999
2022-12-23,16710.00039999,17003.93934059,17192.91,16693.0,1.81999117
2022-12-22,16691.26334398,16700.00080035,17023.99139959,16691.26334398,-1.77420309
2022-12-21,16949.99599998,17001.64450199,17023.99239962,16412.57006767,0.304711
2022-12-20,16315.00140008,16949.996,16949.9998,16308.62023909,3.892090379999999
2022-12-19,16809.99639987,16315.00140008,17095.41102741,16308.64704043,-2.12956921
2022-12-18,16700.1338019,16670.00060001,17199.65540171,16308.62063909,-0.18043569
2022-12-17,16592.4803444,16700.1336019,17386.5998,16354.36113037,0.6488075
2022-12-16,17361.79769788,16592.4803444,17899.82717699,16592.48034438,-5.271217539999999
2022-12-15,17594.74059472,17515.77494469,18249.08287999,17365.03180072,-0.44880258
2022-12-14,17825.38461537,17594.74059472,18182.672,17360.74966781,-1.29390768
2022-12-13,17002.87953868,17825.38461538,18126.90557097,16999.36111346,3.45961622
2022-12-12,17229.31539162,17229.31639162,17229.31639162,16974.33400302,5.8e-06
2022-12-11,17009.15802844,17229.31539162,17504.53639126,17009.15802844,-0.8342434500000001
2022-12-10,17285.854,17374.25900895,17374.47075498,16967.04923627,2.49223659
2022-12-09,16844.93834505,16951.78053208,17374.99979999,16844.93834505,-1.72561815
2022-12-08,17085.9000675,17249.44,17306.41462417,16737.60310181,1.1528041
2022-12-07,16907.89151605,17052.854,17306.41462417,16735.26427608,0.87330606
2022-12-06,16818.36002367,16905.21969152,18135.59278528,16735.2981466,-1.99938065
2022-12-05,16811.88948206,17250.1151557,17577.7707886,16810.6984925,2.6139108
2022-12-04,16738.36991127,16810.6984925,17148.82583974,16735.70499826,0.44430905
2022-12-03,16739.94825142,16736.33743053,17159.62879959,16735.46770026,0.4279224199999999
2022-12-02,16795.85540529,16665.02405561,16999.49819796,16607.39727596,-0.77421818
2022-12-01,17075.30519943,16795.05441955,17159.9998,16792.46936983,-1.64126366
2022-11-30,16844.89687999,17075.30519943,17075.3206,16324.91816468,1.24329986
2022-11-29,16200.01620001,16865.61503152,16877.57286267,16009.63069259,3.4725776899999996
2022-11-28,16429.46621818,16299.5988,16699.95439855,16000.66421329,-2.39737702
2022-11-27,16071.02824803,16699.95979881,16699.98799937,16071.02824803,0.8128858299999999
2022-11-26,16445.41726475,16565.30279997,16970.4596,16019.96143944,0.72603269
2022-11-25,16699.464,16445.90018843,16993.49524317,16361.52281649,-0.6884683699999999
2022-11-24,16699.46410558,16559.90993014,17168.05612,16215.47952,-0.83568175
2022-11-23,15857.91216897,16699.46430558,16699.46430558,15854.50805408,0.96080664
2022-11-22,16049.99999999,16540.54168242,16699.9974,15658.64249623,5.61725656
2022-11-21,16521.46573421,15660.83253889,16873.61729492,15650.0002,-7.19396704
2022-11-20,16640.8255795,16874.80009543,16919.91879571,16521.46573421,0.44523866
2022-11-19,16509.09934972,16800.0,16919.9983998,16509.09934972,-0.70921282
2022-11-18,16849.99999999,16919.99879993,17087.90519221,16409.09355026,0.0140809399999999
2022-11-17,16911.99619978,16917.61664,17087.90699229,16401.53653822,0.03323345
2022-11-16,17049.98539927,16911.99619981,17194.46063573,16348.48567378,-0.80935758
2022-11-15,16770.0,17049.99159959,18226.99980001,16578.07,1.66959809
2022-11-14,16570.0,16770.0,17299.1346173,15560.0002,1.2070006
2022-11-13,16793.77000001,16570.0,17299.1346173,16071.05055377,-1.34555847
2022-11-12,17574.79581382,16796.00000001,17858.14699998,14503.0,-4.43132212
2022-11-11,17724.07,17574.79581383,17995.68828756,16016.87605824,-0.84221167
2022-11-10,15537.944,17724.07,18155.544,15537.944,13.68015736
2022-11-09,18557.88999992,15591.173,18766.68459997,15591.173,-15.48549685
2022-11-08,20544.93889175,18447.92600001,20710.205928,17300.0,-9.93542938
2022-11-07,20888.38135209,20483.0,21499.42580359,20483.0,-2.42977636
2022-11-06,21252.52592125,20993.08501802,21485.9808,20976.2495511,-1.22075326
2022-11-05,21150.0,21252.52592126,21499.9998,20878.8212563,0.48475613
2022-11-04,20263.69228269,21150.0,21178.57245002,20126.36628275,4.37387079
2022-11-03,20239.87411707,20263.69228274,20487.269,20039.11599999,0.19846192
2022-11-02,20539.62768147,20223.55622475,20700.94,19996.80809425,-1.58195006
2022-11-01,20492.29009726,20548.6252127,20698.0,20287.06419999,0.36612011
2022-10-31,20624.91660475,20473.667,20799.9998,20280.8395075,-0.8150444099999999
2022-10-30,20730.00000003,20641.90771558,20910.886218,20488.6692,-0.4249507199999999
2022-10-29,20677.1428571,20730.00000005,20942.85694286,20467.67660001,0.25563079
2022-10-28,20270.02313927,20677.14285714,20709.374,19996.80809425,1.6536453699999998
2022-10-27,20768.68327403,20340.77851593,20790.77,20254.43064316,-1.39215799
2022-10-26,20051.62117401,20627.95220001,20924.47959993,19934.8538,3.47681915
2022-10-25,19269.2952722,19934.85340002,20406.3784,19209.49294875,2.75680256
2022-10-24,19649.42872841,19400.0328,19649.42872842,19159.66307631,-1.28022337
2022-10-23,19222.98316158,19651.61739825,19701.78747075,19045.05370953,2.22980082
2022-10-22,19084.9177675,19222.98316157,19321.421,19044.9815697,0.17160156
2022-10-21,18965.3255935,19190.05273125,19260.29063275,18703.63000001,0.5256252299999999
2022-10-20,19195.06973847,19089.71238625,19270.07,18950.37657175,0.01643807
2022-10-19,19315.4779125,19086.57492107,19390.73302125,19070.0,-1.64491742
2022-10-18,19548.07699992,19405.78404297,19752.5108,19125.9722,-0.72791281
2022-10-17,19310.46090525,19548.07699992,19695.0,19144.71405455,1.04673545
2022-10-16,19030.10468775,19345.57995598,19380.69900673,18999.03319999,1.54627031
2022-10-15,19139.73084725,19051.0,19288.4998,19051.0,-0.85421072
2022-10-14,19354.14559251,19215.13776747,19892.43374625,19117.208,-1.31207178
2022-10-13,19105.78903103,19470.60609537,19504.13292627,18227.8405205,1.9024287
2022-10-12,19049.0,19107.10700723,19255.2738255,18966.6862,0.29977432
2022-10-11,19180.01871675,19049.99999999,19248.15458947,18783.05153267,-0.8094828300000001
2022-10-10,19393.86421706,19205.46494075,19591.41331125,19058.50515959,-0.61393678
2022-10-09,19339.05113725,19324.10271557,19600.27774759,19158.34695869,-0.23153794
2022-10-08,19591.41331121,19368.94918075,19662.76321855,19257.14216847,-1.16082947
2022-10-07,19887.18193475,19596.4303185,20063.01199275,19215.38176532,-1.43730887
2022-10-06,20208.50520296,19882.19892754,20399.497,19832.00665541,-1.61469773
2022-10-05,20156.79929416,20208.50520296,20289.5388,19676.52919999,0.25651845
2022-10-04,19421.08066314,20156.79929416,20340.248,19421.04162102,2.95729027
2022-10-03,19109.78061523,19577.8261464,19624.8588,18991.65027646,2.44924597
2022-10-02,19341.38280002,19109.78061523,19420.2348,18931.73314476,-1.19744378
2022-10-01,19360.0,19341.38280002,19486.056159,19084.22819999,-0.8190528799999999
2022-09-30,19255.1507899,19501.10718075,20166.23034076,19125.9203515,0.03795676
2022-09-29,19388.88120978,19493.708,19641.58338375,18880.61447029,0.54065415
2022-09-28,19124.83163672,19388.88120971,19772.02557224,18560.0,1.53773674
2022-09-27,19154.679869,19095.24658805,20324.819,18927.40346678,-0.31028073
2022-09-26,18939.20236875,19154.679869,19313.464,18701.59999999,2.47933884
2022-09-25,18895.563492,18691.26019478,19189.66893202,18666.868,-1.51785181
2022-09-24,19234.42721941,18979.3384267,19355.61397049,18780.289,-1.94512566
2022-09-23,19347.62759997,19355.83371476,19520.2568,18589.59858958,0.0424140599999999
2022-09-22,18480.05,19347.62759997,19432.52511277,18332.61819999,3.91764271
2022-09-21,18814.81436841,18618.2318,19632.78574238,18311.90720338,-1.62193908
2022-09-20,19632.78554202,18925.1868,19632.78574236,18200.0,-3.60416886
2022-09-19,19374.84440005,19632.78554202,19670.45176013,18343.3252,0.23279307
2022-09-18,20019.72420001,19587.18792616,20185.18034539,19256.33719999,-3.07350327
2022-09-17,19777.0425795,20208.29039207,20208.505203,19767.58976078,2.37229175
2022-09-16,19772.02557222,19740.0,19970.425,19314.136101,-0.16197416
2022-09-15,20133.01700006,19772.02557224,20340.2478,19543.8598491,-2.71979508
2022-09-14,20270.09299998,20324.819,20504.35179999,19799.41999999,0.26998396
2022-09-13,22406.88,20270.09299998,22686.90678449,20042.40362684,-9.40198866
